annotation_id,requirement_id,candidate_id,requirement,requirement_type,importance,resume_evidence,label,evidence_start,evidence_end,notes
1,req_0001,tabishakhtar56@gmail.com,Excellent communication skills,soft_skill,unspecified,Excellent communication and interpersonal skills,Strong,,,
2,req_0002,tabishakhtar56@gmail.com,Proficiency in MS Office Suite and data analysis tools,tool,unspecified,"Adept at using Microsoft Excel, Microsoft PowerPoint, Microsoft Word",Partial,,,
3,req_0003,tabishakhtar56@gmail.com,3-5 years of experience in business development or related fields,experience,unspecified,"Senior Analyst – Business Development & Marketing, Aug 2020 – Present",Strong,,,
4,req_0004,tabishakhtar56@gmail.com,"Bachelor's degree in Business Administration, Economics, or related field",education,unspecified,Bachelors in Business Administration (Honors) 2014,Strong,,,
5,req_0005,saadbinhassan000@gmail.com,"Bachelor's degree in Computer Science, Business, or a related field",education,unspecified,Bachelors in Business Administration (Honors) June 2021,Strong,,,
6,req_0006,zshanashraf257@gmail.com,Excellent communication skills,soft_skill,unspecified,Excellent Verbal and written communication,Strong,,,
7,req_0007,zshanashraf257@gmail.com,"Bachelor's degree in Business Administration, Economics, or related field",education,unspecified,B.COM Bachelors of Commerce: Commerce & IT,Partial,,,
8,req_0008,zshanashraf257@gmail.com,Ability to manage multiple projects simultaneously,capability,unspecified,Managing Multiple Projects,Strong,,,
9,req_0009,zshanashraf257@gmail.com,Proficiency in MS Office Suite and data analysis tools,tool,unspecified,Excellent MS Office and presentation skills,Partial,,,
10,req_0010,saadbinhassan000@gmail.com,Bachelor's degree in Business Administration or related field,education,unspecified,Bachelors in Business Administration (Honors) June 2021,Strong,,,
11,req_0011,saadbinhassan000@gmail.com,Proficiency in CRM tools like Salesforce or HubSpot,tool,unspecified,,Unsupported,,,
12,req_0012,saadbinhassan000@gmail.com,Strong analytical and strategic planning skills,soft_skill,unspecified,Strategic Planning,Strong,,,
13,req_0013,samhaahmed39@gmail.com,Excellent communication skills,soft_skill,unspecified,Ability to interact and effectively communicate with people from diverse backgrounds,Strong,,,
14,req_0014,samhaahmed39@gmail.com,Ability to manage multiple projects simultaneously,capability,unspecified,Ability to Multitask,Partial,,,
15,req_0015,samhaahmed39@gmail.com,Proficiency in MS Office Suite and data analysis tools,tool,unspecified,,Unsupported,,,
16,req_0016,mubashar.fayyaz@yahoo.com,Proficiency in CRM tools and Microsoft Office Suite,tool,unspecified,Managing business and Leads using Hubspot,Partial,,,
17,req_0017,mubashar.fayyaz@yahoo.com,5+ years of relevant experience in business development,experience,unspecified,Business Development Officer — January 2019 to Present,Strong,,,
18,req_0018,mubashar.fayyaz@yahoo.com,Proven track record in lead generation and client engagement,responsibility,unspecified,Generating leads and sharing lead assignments with our on-shore department,Strong,,,
19,req_0019,mubashar.fayyaz@yahoo.com,Bachelor's degree in Business Administration or related field,education,unspecified,B. Com,Partial,,,
20,req_0020,Alimir523@gmail.com,5+ years of experience in sales and marketing roles,experience,unspecified,Sales Specialist — Cisco Systems Inc,Strong,,,
21,req_0021,Alimir523@gmail.com,Demonstrated ability in team leadership and mentoring,capability,unspecified,Team leadership and mentoring responsibilities,Strong,,,
22,req_0022,Arslanaly10@yahoo.com,3+ years of experience in SEO and digital marketing,technical_skill,unspecified,Business development and planning,Partial,,,
23,req_0023,Arslanaly10@yahoo.com,Proficiency in Microsoft Office and CRM systems,tool,unspecified,Microsoft Office and CRM systems,Strong,,,
24,req_0024,Arslanaly10@yahoo.com,Strong analytical and strategic thinking skills,soft_skill,unspecified,Critical and creative thinking; Business Analysis and Process Management,Strong,,,
25,req_0025,Arslanaly10@yahoo.com,Proven track record in sales and client relationship management,responsibility,unspecified,Sales roles and client relationship management,Strong,,,
26,req_0026,mbilal.amin@outlook.com,Proven track record in lead generation and client engagement,responsibility,unspecified,Lead generation and client engagement experience,Strong,,,
27,req_0027,mbilal.amin@outlook.com,Bachelor's degree in Business Administration or related field,education,unspecified,Bachelor of Business Administrations,Strong,,,
28,req_0028,mbilal.amin@outlook.com,Proficiency in CRM tools and Microsoft Office Suite,tool,unspecified,Salesforce/SFDC experience,Partial,,,
29,req_0029,zainyounas@gmail.com,Ability to manage multiple projects simultaneously,capability,unspecified,Project management and multiple concurrent responsibilities,Strong,,,
30,req_0030,saba.ahsan1116@gmail.com,"Bachelor's degree in Business Administration, Marketing, or related field",education,unspecified,BS Computer Science,Partial,,,
31,req_0031,usamaa017@gmail.com,Bachelor's degree in Business Administration or related field,education,unspecified,B.S. in Information Technology,Partial,,,
32,req_0032,usamaa017@gmail.com,5+ years of relevant experience in business development,experience,unspecified,Business Development Executive / BDE experience,Partial,,,
33,req_0033,usamaa017@gmail.com,Proficiency in CRM tools and Microsoft Office Suite,tool,unspecified,MS Office,Partial,,,
34,req_0034,usamaa017@gmail.com,Proven track record in lead generation and client engagement,responsibility,unspecified,Business Development/Sales and client-facing experience,Partial,,,
35,req_0035,***hafsa.naeem1024@gmail.com,Bachelor's degree in Business Administration or related field,education,unspecified,,Unsupported,,,
36,req_0036,hafsa.naeem1024@gmail.com,5+ years of experience in sales or key account management,experience,unspecified,Business Development at Odetta.ai since 11/2018,Strong,,,
37,req_0037,hafsa.naeem1024@gmail.com,Proficiency in data analysis and forecasting tools,tool,unspecified,Power BI; Business Analytics; Data Analytics,Strong,,,
38,req_0038,shoaibameen007@gmail.com,"Bachelor's degree in Business Administration, Economics, or related field",education,unspecified,B.Com,Partial,,,
39,req_0039,sahibzadaali66@gmail.com,Bachelor's degree in Business Administration or related field,education,unspecified,Bachelor in Commerce,Partial,,,
40,req_0040,sahibzadaali66@gmail.com,Proficiency in CRM tools and Microsoft Office Suite,tool,unspecified,Zoho CRM; MS Office,Strong,,,
41,req_0041,sahibzadaali66@gmail.com,Proven track record in lead generation and client engagement,responsibility,unspecified,Lead generation and client engagement,Strong,,,
42,req_0042,ehtishamrana246@gmail.com,Strong understanding of Agile and SCRUM methodologies,technical_skill,unspecified,,Unsupported,,,
43,req_0043,ahsiny4@gmail.com,Proficiency in data analysis and forecasting tools,tool,unspecified,,Unsupported,,,
44,req_0044,akash123f@outlook.com,5+ years of experience in business development or sales management,experience,unspecified,Business development and sales management experience,Partial,,,
45,req_0045,akash123f@outlook.com,Strong analytical and strategic planning skills,soft_skill,unspecified,"Strategic business planning, sales forecasting and market analysis",Strong,,,
46,req_0046,akash123f@outlook.com,Proficiency in CRM tools like Salesforce or HubSpot,tool,unspecified,,Unsupported,,,
47,req_0047,akash123f@outlook.com,Bachelor's degree in Business Administration or related field,education,unspecified,Bachelors of Business Administration (B.B.A.) - Sales & Marketing,Strong,,,
48,req_0048,unasir321@gmail.com,"Bachelor's degree in Business Administration, Economics, or related field",education,unspecified,Bachelors of Business Administration (B.B.A.) - Sales & Marketing,Strong,,,
49,req_0049,unasir321@gmail.com,5+ years of experience in business development or a related role,experience,unspecified,Extensive business development experience,Strong,,,
50,req_0050,unasir321@gmail.com,Proficiency in Microsoft Office Suite,tool,unspecified,Adept in Microsoft Word & PowerPoint,Strong,,,
51,req_0051,hafsa.naeem1024@gmail.com,Bachelor's degree in Business Administration or related field,education,unspecified,,Unsupported,,,
52,req_0052,salmanshahzad0712@gmail.com,Master's degree in Business Administration or related field,education,unspecified,,Unsupported,,,
53,req_0053,sultanmouzam@yahoo.com,"Bachelor's degree in Business Administration, Marketing, or related field",education,unspecified,,Unsupported,,,
54,req_0054,20020220@lums.edu.pk,Master's degree in Business Administration or related field,education,unspecified,B.Sc. (Hons) in Economics,Partial,,,
55,req_0055,imranzahoor93@gmail.com,Bachelor's degree in Business Administration or related field,education,unspecified,,Unsupported,,,
56,req_0056,za05760@gmail.com,Bachelor's degree in Business Administration or related field,education,unspecified,,Unsupported,,,
57,req_0057,thisisanum28@gmail.com,"Bachelor's degree in Business Administration, Marketing, or related field",education,unspecified,"B.com, Punjab Group of Colleges",Partial,,,
58,req_0058,mbilal.amin@outlook.com,"Bachelor's degree in Business Administration, Economics, or related field",education,unspecified,"Bachelor of Business Administrations | Institute of Business Administration, Karachi | 2016-2020",Strong,,,
59,req_0059,tabishakhtar56@gmail.com,Master's degree in relevant field,education,unspecified,"Masters of Practicing Accounting, Swinburne University of Technology, 2017",Strong,,,
60,req_0060,saadali.frt@gmail.com,"Bachelor's degree in Computer Science, Business, or a related field",education,unspecified,Bachelor of Commerce in Information Technology,Partial,,,
61,req_0061,ahmad.noorudin@yahoo.com,"Bachelor's degree in Business Administration, Economics, or related field",education,unspecified,"Bachelor of Business Administration (BBA), Accounting and Finance",Strong,,,
62,req_0062,mhrali01@gmail.com,"Bachelor's degree in Business Administration, Economics, or related field",education,unspecified,"BSCS, COMSATS University Islamabad",Partial,,,
63,req_0063,hamza.businessdeveloper@gmail.com,Bachelor's degree in Business Administration or related field,education,unspecified,,Unsupported,,,
64,req_0064,saadkhan771994@gmail.com,"Bachelor's degree in Business Administration, Economics, or related field",education,unspecified,"BBA (Honors), Lahore School of Economics",Strong,,,
65,req_0065,Subhanfalak2.0@gmail.com,"Master's degree in Computer Science, Business Administration, or related field",education,unspecified,,Unsupported,,,
66,req_0066,Sb144368@gmail.com,"Bachelor's degree in Computer Science, Business, or a related field",education,unspecified,"B.Com., University of the Punjab, 2017",Partial,,,
67,req_0067,hassanch4686@outlook.com,"Bachelor's degree in Business Administration, Economics, or related field",education,unspecified,"M.Sc. (Economics), Bahauddin Zakariya University",Partial,,,
68,req_0068,umair_yousaf13@outlook.com,"Bachelor's degree in Computer Science, Business, or a related field",education,unspecified,"B.Sc. (Honors), Business Accounting and Finance",Strong,,,
69,req_0069,moazzamjavaid0@gmail.com,"Master's degree in Computer Science, Business Administration, or related field",education,unspecified,,Unsupported,,,
70,req_0070,razaa694@gmail.com,"Bachelor's degree in Business Administration, Economics, or related field",education,unspecified,"B.Com., Punjab University",Partial,,,
71,req_0071,Muneeb.malik2408@gmail.com,Bachelor's degree in Business Administration or related field,education,unspecified,,Unsupported,,,
72,req_0072,haroon.sarfraz@outlook.com,"Bachelor's degree in Computer Science, Business, or a related field",education,unspecified,"Bachelor of Arts (Business Subjects), Allama Iqbal Open University, 2002",Partial,,,
73,req_0073,umar_ghauri@hotmail.com,"Bachelor's degree in Business Administration, Economics, or related field",education,unspecified,BBA,Strong,,,
74,req_0074,maetsam@gmail.com,Bachelor's degree in Business Administration or related field,education,unspecified,,Unsupported,,,
75,req_0075,abdurrehman.baig@gmail.com,"Bachelor's degree in Business Administration, Economics, or related field",education,unspecified,BS - Operations Management (HONS),Partial,,,
76,req_0076,waqaszulfiqar84@gmail.com,Bachelor's degree in Business Administration or related field,education,unspecified,"Bachelor of Commerce (BCOM-IT), 2008",Partial,,,
77,req_0077,mohsinrasheedkhan9@gmail.com,Bachelor's degree in Business Administration or related field,education,unspecified,,Unsupported,,,
78,req_0078,ahmadimtiaz04@gmail.com,Bachelor's degree in Business Administration or related field,education,unspecified,,Unsupported,,,
79,req_0079,imranzahoor93@gmail.com,"Bachelor's degree in Business Administration, Economics, or related field",education,unspecified,BBA / Bachelor of Business Administration,Strong,,,
80,req_0080,ch.taIha786786@gmaiI.com,Bachelor's degree in Business Administration or related field,education,unspecified,,Unsupported,,,
81,req_0081,imranzahoor93@gmail.com,5+ years of relevant experience in business development,experience,unspecified,"10+ years of diversified experience in software sales, cloud sales, B2B, SaaS, lead generation, and project management",Strong,,,
82,req_0082,ahmadimtiaz04@gmail.com,Experience in managing enterprise data warehouse projects,experience,unspecified,,Unsupported,,,
83,req_0083,ahmadimtiaz04@gmail.com,10+ years of industry experience in project management and data analytics,experience,unspecified,,Unsupported,,,
84,req_0084,ranaaliarshadd@gmail.com,10+ years of industry experience in project management and data analytics,experience,unspecified,"Project Manager roles spanning 2011–2022, including enterprise data warehouse implementation",Strong,,,
85,req_0085,ranaaliarshadd@gmail.com,Experience in managing enterprise data warehouse projects,experience,unspecified,Enterprise Datawarehouse Implementation & Support Project; managed the Enterprise Datawarehouse Implementation project,Strong,,,
86,req_0086,za05760@gmail.com,5+ years of experience in sales or key account management,experience,unspecified,,Unsupported,,,
87,req_0087,mbilal.amin@outlook.com,3-5 years of experience in business development or related fields,experience,unspecified,Key Account Manager from Dec 2022–Present and prior sales/business roles,Partial,,,
88,req_0088,tabishakhtar56@gmail.com,Experience with enterprise data warehouse projects,experience,unspecified,,Unsupported,,,
89,req_0089,saadali.frt@gmail.com,3+ years of experience in lead generation or business intelligence,experience,unspecified,,Unsupported,,,
90,req_0090,saadali.frt@gmail.com,"Experience with business intelligence tools such as Power BI, SQL, and Tableau",experience,unspecified,Power BI and data analytics experience,Partial,,,
91,req_0091,muhammad.sheraz.gul301@gmail.com,5+ years of experience in sales or key account management,experience,unspecified,,Unsupported,,,
92,req_0092,muhammad.sheraz.gul301@gmail.com,Experience with CRM and ERP systems such as SAP and Salesforce,experience,unspecified,"CRM systems including Zendesk, Freshdesk, Salesforce, HubSpot, IGMS and Odoo",Strong,,,
93,req_0093,reham.altaf2@gmail.com,5+ years of experience in business development or sales management,experience,unspecified,,Unsupported,,,
94,req_0094,saadali.frt@gmail.com,3+ years of experience in SEO and digital marketing,experience,unspecified,,Unsupported,,,
95,req_0095,mhrali01@gmail.com,5+ years of experience in business development or a related role,experience,unspecified,,Unsupported,,,
96,req_0096,shoaibameen007@gmail.com,5+ years of experience in business development or sales management,experience,unspecified,,Unsupported,,,
97,req_0097,hamza.businessdeveloper@gmail.com,5+ years of relevant experience in business development,experience,unspecified,Business development experience across multiple roles,Strong,,,
98,req_0098,umar_ghauri@hotmail.com,Experience in managing enterprise data warehouse projects,experience,unspecified,,Unsupported,,,
99,req_0099,ch.taiha786786@gmail.com,3-5 years of experience in business development or related fields,experience,unspecified,,Unsupported,,,
100,req_0100,Subhanfalak2.0@gmail.com,10+ years of industry experience in project management and data analytics,experience,unspecified,,Unsupported,,,
101,req_0101,Subhanfalak2.0@gmail.com,Experience in managing enterprise data warehouse projects,experience,unspecified,,Unsupported,,,
102,req_0102,Sb144368@gmail.com,3+ years of experience in lead generation or business intelligence,experience,unspecified,,Unsupported,,,
103,req_0103,Sb144368@gmail.com,"Experience with business intelligence tools such as Power BI, SQL, and Tableau",experience,unspecified,,Unsupported,,,
104,req_0104,ahsiny4@gmail.com,5+ years of experience in sales or key account management,experience,unspecified,,Unsupported,,,
105,req_0105,tayyab.aftab5@gmail.com,3+ years of experience in SEO and digital marketing,experience,unspecified,,Unsupported,,,
106,req_0106,abtariq110@gmail.com,5+ Years of Relevant Experience in Business Development,experience,unspecified,,Unsupported,,,
107,req_0107,moazzamjavaid0@gmail.com,10+ years of industry experience in project management and data analytics,experience,unspecified,Project management and data analytics experience,Partial,,,
108,req_0108,moazzamjavaid0@gmail.com,Experience in managing enterprise data warehouse projects,experience,unspecified,,Unsupported,,,
109,req_0109,hassansaeed3328@gmail.com,3+ years of experience in SEO and digital marketing,experience,unspecified,,Unsupported,,,
110,req_0110,Muneeb.malik2408@gmail.com,5+ years of experience in sales or key account management,experience,unspecified,"10 years of experience and a strong background in developing, managing, growing and retaining key accounts; BUSINESS DEVELOPMENT MANAGER / KEY ACCOUNT MANAGER",Strong,,,
111,req_0111,20020220@lums.edu.pk,Proficiency in Microsoft Office and CRM systems,tool,unspecified,"Worked on two projects related to ZOHO CRM and RedMine; Proficient in Stata and Microsoft Word, Excel & PowerPoint",Strong,,,
112,req_0112,imranzahoor93@gmail.com,Proficiency in CRM tools and Microsoft Office Suite,tool,unspecified,Using ZOHO CRM for lead management and day-to-day performance analytics,Partial,,,
113,req_0113,hafsa.naeem1024@gmail.com,Proficiency in CRM tools,tool,unspecified,CRM,Strong,,,
114,req_0114,hafsa.naeem1024@gmail.com,Microsoft Office Suite,tool,unspecified,,Unsupported,,,
115,req_0115,arslan.181@hotmail.com,Proficiency in CRM tools like Salesforce or HubSpot,tool,unspecified,,Unsupported,,,
116,req_0116,saadali.frt@gmail.com,Proficiency in Microsoft Office and CRM systems,tool,unspecified,HubSpot,Partial,,,
117,req_0117,hamza.businessdeveloper@gmail.com,Proficiency in CRM tools and Microsoft Office Suite,tool,unspecified,,Unsupported,,,
118,req_0118,tayyab.aftab5@gmail.com,Proficiency in Microsoft Office and CRM systems,tool,unspecified,,Unsupported,,,
119,req_0119,abtariq110@gmail.com,Proficiency in CRM Tools and Microsoft Office Suite,tool,unspecified,,Unsupported,,,
120,req_0120,hassansaeed3328@gmail.com,Proficiency in Microsoft Office and CRM systems,tool,unspecified,,Unsupported,,,
121,req_0121,ranaaliarshadd@gmail.com,Proficiency in CRM tools and Microsoft Office Suite,tool,unspecified,,Unsupported,,,
122,req_0122,maetsam@gmail.com,Proficiency in CRM tools like Salesforce or HubSpot,tool,unspecified,,Unsupported,,,
123,req_0123,waqaszulfiqar84@gmail.com,Proficiency in CRM tools and Microsoft Office Suite,tool,unspecified,"Microsoft Office (Word, Excel, PowerPoint)",Partial,,,
124,req_0124,moazzamjavaid0@gmail.com,Proficiency in Microsoft Office and CRM systems,tool,unspecified,,Unsupported,,,
125,req_0125,ahmadimtiaz04@gmail.com,Proficiency in CRM tools like Salesforce or HubSpot,tool,unspecified,"Microsoft Word, Excel, PowerPoint, Outlook; CRM systems including Zendesk, Freshdesk, Salesforce, HubSpot, IGMS and Odoo",Strong,,,
126,req_0126,saadbinhassan000@gmail.com,Proficiency in CRM tools and Microsoft Office Suite,tool,unspecified,Competent user of Microsoft Office,Partial,,,
127,req_0127,Usman.hanif9@gmail.com,Proficiency in CRM tools and Microsoft Office Suite,tool,unspecified,,Unsupported,,,
128,req_0128,akash123f@outlook.com,Proficiency in Microsoft Office and CRM systems,tool,unspecified,Adept in Microsoft Word & PowerPoint,Partial,,,
129,req_0129,imranzahoor93@gmail.com,Proficiency in Microsoft Office and CRM systems,tool,unspecified,Using ZOHO CRM for lead management and day-to-day performance analytics,Partial,,,
130,req_0130,hassanch4686@outlook.com,Proficiency in CRM tools and Microsoft Office Suite,tool,unspecified,"Well known about MS Office, G-suite, CRM, Salesforce & ERP Software",Strong,,,
131,req_0131,afnanfaiz273@gmail.com,Proficiency in Microsoft Office and CRM systems,tool,unspecified,,Unsupported,,,
132,req_0132,sultanmouzam@yahoo.com,Proficiency in CRM tools like Salesforce or HubSpot,tool,unspecified,"Developed processes on CRM and mastered Monday.com; efficient command on MS Office (Word, Excel, PowerPoint); business tools include Sales Force, Pipe Drive, Monday.com, Bitrix24, Pipelinepro, Propforce",Strong,,,
133,req_0133,ria.noor8@gmail.com,Proficiency in Microsoft Office and CRM systems,tool,unspecified,,Unsupported,,,
134,req_0134,22010059@lums.edu.pk,Proficiency in Microsoft Office Suite,tool,unspecified,,Unsupported,,,
135,req_0135,Subhantariq893@live.com,Proficiency in CRM tools and Microsoft Office Suite,tool,unspecified,,Unsupported,,,
136,req_0136,za05760@gmail.com,Proficiency in CRM tools and Microsoft Office Suite,tool,unspecified,"Created spreadsheets using Microsoft Excel; developed marketing strategies through CRM; skills include CRM, HubSpot and Salesforce",Strong,,,
137,req_0137,Arslanaly10@yahoo.com,"Proficiency in CRM software (e.g., HubSpot, Salesforce)",tool,unspecified,CRM certification / CRM experience,Partial,,,
138,req_0138,ekraymalik7@gmail.com,Proficiency in CRM tools like Salesforce or HubSpot,tool,unspecified,,Unsupported,,,
139,req_0139,Usman.hanif9@gmail.com,Proficiency in Microsoft Office and CRM systems,tool,unspecified,,Unsupported,,,
140,req_0140,"sheikhadna.ali@gmail,com",Proficiency in Microsoft Office Suite,tool,unspecified,,Unsupported,,,
141,req_0141,thisisanum28@gmail.com,Demonstrated ability in team leadership and mentoring,soft_skill,unspecified,"Balance of hands-on, management and leadership responsibilities",Partial,,,
142,req_0142,mbilal.amin@outlook.com,Ability to manage multiple projects simultaneously,soft_skill,unspecified,"Managing total of 15 accounts including end users and channel partners; coordination between marketing, sales, and planning teams",Partial,,,
143,req_0143,mbilal.amin@outlook.com,Excellent communication skills,soft_skill,unspecified,Conducting successful training for SFDC to Sub Sahara Africa market with more than 17 people; communicating with the Marcom team regarding campaigns,Strong,,,
144,req_0144,saadali.frt@gmail.com,Strong communication and interpersonal skills,soft_skill,unspecified,"I very much believe in teamwork, problem-solving, leadership, and adaptability; Business Development Executive experience involving client communication",Strong,,,
145,req_0145,ahmad.noorudin@yahoo.com,Excellent communication skills,soft_skill,unspecified,Excellent communication and interpersonal skills,Strong,,,
146,req_0146,saadkhan771994@gmail.com,Excellent communication skills,soft_skill,unspecified,Excellent communication and interpersonal skills,Strong,,,
147,req_0147,saadkhan771994@gmail.com,Ability to manage multiple projects simultaneously,soft_skill,unspecified,"Experience coordinating multiple business, sales, and project responsibilities",Partial,,,
148,req_0148,ch.taiha786786@gmail.com,Excellent communication skills,soft_skill,unspecified,Communication with clients; arranging and leading meetings with clients,Strong,,,
149,req_0149,Sb144368@gmail.com,Strong communication and interpersonal skills,soft_skill,unspecified,Communication; Interpersonal; Team Player; Customer Service and Active Listening,Strong,,,
150,req_0150,razaa694@gmail.com,Excellent communication skills,soft_skill,unspecified,Communication with clients and customer-facing business development responsibilities,Strong,,,
151,req_0151,razaa694@gmail.com,Ability to manage multiple projects simultaneously,soft_skill,unspecified,,Unsupported,,,
152,req_0152,haroon.sarfraz@outlook.com,Strong communication and interpersonal skills,soft_skill,unspecified,Strong interpersonal and communication skills,Strong,,,
153,req_0153,umar_ghauri@hotmail.com,Excellent communication skills,soft_skill,unspecified,,Unsupported,,,
154,req_0154,umar_ghauri@hotmail.com,Ability to manage multiple projects simultaneously,soft_skill,unspecified,,Unsupported,,,
155,req_0155,imranzahoor93@gmail.com,Excellent communication skills,soft_skill,unspecified,Client communication and sales closing; team training and client management,Strong,,,
156,req_0156,imranzahoor93@gmail.com,Ability to manage multiple projects simultaneously,soft_skill,unspecified,Managed and worked with the team to deliver targets; worked with operations and key accounts to successfully onboard projects,Strong,,,
157,req_0157,yahyamalik1@outlook.com,Demonstrated ability in team leadership and mentoring,soft_skill,unspecified,Team training; defined direction and set quarterly targets; managed and worked with the team to deliver targets,Strong,,,
158,req_0158,haroon.sarfraz@outlook.com,Ability to manage multiple projects simultaneously,soft_skill,unspecified,,Unsupported,,,
159,req_0159,zshehzad28@gmail.com,Demonstrated ability in team leadership and mentoring,soft_skill,unspecified,,Unsupported,,,
160,req_0160,bajwa101@gmail.com,Ability to manage multiple projects simultaneously,soft_skill,unspecified,,Unsupported,,,
161,req_0161,bajwa101@gmail.com,Excellent communication skills,soft_skill,unspecified,,Unsupported,,,
162,req_0162,za05760@gmail.com,Ability to manage multiple projects simultaneously,soft_skill,unspecified,"Defined and integrated roles, responsibilities and processes for business team and data management organization; worked on ongoing projects and contracts",Partial,,,
163,req_0163,ehtishamrana246@gmail.com,Strong communication and interpersonal skills,soft_skill,unspecified,,Unsupported,,,
164,req_0164,hassansaeed3328@gmail.com,Strong communication and interpersonal skills,soft_skill,unspecified,Strong inter-personal and communication skills; ability to present ideas,Strong,,,
165,req_0165,Subhanfalak2.0@gmail.com,Strong communication and interpersonal skills,soft_skill,unspecified,,Unsupported,,,
166,req_0166,muhammad.sheraz.gul301@gmail.com,Ability to manage multiple projects simultaneously,soft_skill,unspecified,,Unsupported,,,
167,req_0167,muhammad.sheraz.gul301@gmail.com,Excellent communication skills,soft_skill,unspecified,,Unsupported,,,
168,req_0168,m_amin05@yahoo.com,Strong communication and interpersonal skills,soft_skill,unspecified,,Unsupported,,,
169,req_0169,mzunair60@gmail.com,Ability to manage multiple projects simultaneously,soft_skill,unspecified,,Unsupported,,,
170,req_0170,Shahbazjoiya07@gmail.com,Ability to manage multiple projects simultaneously,soft_skill,unspecified,,Unsupported,,,
171,req_0171,unasir321@gmail.com,Strong negotiation and strategic thinking skills,capability,unspecified,Used specialized techniques for bargaining and negotiations; strategic planning and business plans that delivered growth,Strong,,,
172,req_0172,unasir321@gmail.com,Proven track record in managing complex sales cycles,capability,unspecified,"13+ years in Sales & Marketing, Project & Operations Management, Key Account Management and Client Services; Head of Sales experience",Strong,,,
173,req_0173,20020220@lums.edu.pk,Proven track record in sales and client relationship management,capability,unspecified,Business Development Executive generating leads and securing business opportunities; Sales Development Representative engaging international clients; Customer Success experience,Strong,,,
174,req_0174,imranzahoor93@gmail.com,Proven track record in lead generation and client engagement,capability,unspecified,Business Development Executive; managed profiling and bidding; generated leads through LinkedIn; client communication and sales closing,Strong,,,
175,req_0175,za05760@gmail.com,Proficiency in data analysis and forecasting tools,capability,unspecified,"Data analytical skills; analyzed marketing and financial trends using SQL, Excel and Power BI",Strong,,,
176,req_0176,mbilal.amin@outlook.com,Proficiency in MS Office Suite and data analysis tools,capability,unspecified,Data Analysis; Planning and Forecasting; Power BI; Microsoft Office and related business tools,Strong,,,
177,req_0177,tabishakhtar56@gmail.com,Proficiency in PowerBI and Oracle DV,capability,unspecified,,Unsupported,,,
178,req_0178,tabishakhtar56@gmail.com,Understanding of Agile and SCRUM,capability,unspecified,,Unsupported,,,
179,req_0179,tabishakhtar56@gmail.com,10+ years industry experience,capability,unspecified,,Unsupported,,,
180,req_0180,saadali.frt@gmail.com,Proficiency in at least one programming language,capability,unspecified,,Unsupported,,,
181,req_0181,muhammad.sheraz.gul301@gmail.com,Proficiency in data analysis and forecasting tools,capability,unspecified,,Unsupported,,,
182,req_0182,m.akifchaudhry@gmail.com,Proven track record in managing complex sales cycles,capability,unspecified,,Unsupported,,,
183,req_0183,reham.altaf2@gmail.com,Proficiency in using analytical software and tools like PowerBI and Oracle DV,capability,unspecified,,Unsupported,,,
184,req_0184,saadali.frt@gmail.com,Proven track record in sales and client relationship management,capability,unspecified,"3 years of experience in Business Development, Business Intelligence and Digital Marketing; client communication and sales closing",Strong,,,
185,req_0185,saadali.frt@gmail.com,Strong analytical and strategic thinking skills,capability,unspecified,"Problem-solving, leadership and adaptability; BI and digital marketing experience involving market research and data visualization",Partial,,,
186,req_0186,mhrali01@gmail.com,Strong negotiation and strategic thinking skills,capability,unspecified,Business Development Team Lead; Business Strategy; Sales Pipeline Management; Negotiation experience,Strong,,,
187,req_0187,mhrali01@gmail.com,Proven track record in managing complex sales cycles,capability,unspecified,Business Development Team Lead and multiple Business Development Executive roles; sales pipeline management,Strong,,,
188,req_0188,hamza.businessdeveloper@gmail.com,Proven track record in lead generation and client engagement,capability,unspecified,Business Development Executive; identifying new business opportunities and potential clients through networking and lead generation,Strong,,,
189,req_0189,saadkhan771994@gmail.com,Proficiency in MS Office Suite and data analysis tools,capability,unspecified,Microsoft Office; Data analysis and sales forecasting,Strong,,,
190,req_0190,umar_ghauri@hotmail.com,Proficiency in using analytical software and tools like PowerBI and Oracle DV,capability,unspecified,,Unsupported,,,
191,req_0191,Subhanfalak2.0@gmail.com,Strong understanding of Agile and SCRUM methodologies,capability,unspecified,,Unsupported,,,
192,req_0192,Subhanfalak2.0@gmail.com,Proficiency in using analytical software and tools like PowerBI and Oracle DV,capability,unspecified,,Unsupported,,,
193,req_0193,Sb144368@gmail.com,Proficiency in at least one programming language,capability,unspecified,,Unsupported,,,
194,req_0194,hassanch4686@outlook.com,Proficiency in MS Office Suite and data analysis tools,capability,unspecified,"Well known about MS Office, G-suite, CRM, Salesforce and ERP Software; data analysis experience",Strong,,,
195,req_0195,umair_yousaf13@outlook.com,Proficiency in at least one programming language,capability,unspecified,,Unsupported,,,
196,req_0196,abtariq110@gmail.com,Lead Generation and Client Engagement,capability,unspecified,Business development experience; identifying and engaging potential clients and lead generation activities,Strong,,,
197,req_0197,moazzamjavaid0@gmail.com,Strong understanding of Agile and SCRUM methodologies,capability,unspecified,,Unsupported,,,
198,req_0198,moazzamjavaid0@gmail.com,Proficiency in using analytical software and tools like PowerBI and Oracle DV,capability,unspecified,,Unsupported,,,
199,req_0199,razaa694@gmail.com,Proficiency in MS Office Suite and data analysis tools,capability,unspecified,MS Office skills; computer skills and business development experience,Partial,,,
200,req_0200,hassansaeed3328@gmail.com,Strong analytical and strategic thinking skills,capability,unspecified,Strategic Planning; Forecasting & Budgeting; comprehensive analysis; Sales Management and Negotiation,Strong,,,
